{"stats":{"minecraft:custom":{"minecraft:jump":11,"minecraft:time_since_rest":1421,"minecraft:damage_dealt":20,"minecraft:leave_game":1,"minecraft:sprint_one_cm":1173,"minecraft:play_time":1421,"minecraft:time_since_death":1421,"minecraft:walk_one_cm":4987,"minecraft:total_world_time":1421,"minecraft:mob_kills":1,"minecraft:fall_one_cm":478,"minecraft:fly_one_cm":963},"minecraft:mined":{"minecraft:grass":1,"minecraft:oak_leaves":1},"minecraft:used":{"alexsmobs:animal_dictionary":1},"minecraft:killed":{"alexsmobs:fly":1}},"DataVersion":3465}